{
  "silhouette_score": 0.1822867275915473,
  "davies_bouldin_index": 2.3648240055792695,
  "num_roles": 31,
  "num_noise": 1899,
  "noise_percentage": 37.980000000000004,
  "user_coverage": 62.019999999999996,
  "avg_role_size": 100.03225806451613,
  "std_role_size": 245.74055081377188,
  "min_role_size": 5,
  "max_role_size": 1258,
  "avg_permissions_per_role": 4.032258064516129,
  "min_permissions_per_role": 3,
  "max_permissions_per_role": 7,
  "avg_cohesion": 0.9974311889539363,
  "min_cohesion": 0.9841269841269842,
  "avg_coverage": 0.22746830612282548,
  "thresholds": {
    "similarity": 0.7,
    "grouping": 5,
    "impact": 0.9
  }
}